ROI,rank,place,view,frame,strategy,input_wh,model_input_wh,effective_zoom_vs_full,baseline_mask_count,local_mask_count,seconds
ROI-0001,1,百叶窗表面,1,795,tight,"[178, 225]","[800, 1011]",4.046,1,2,0.5439765248447657
ROI-0001,1,百叶窗表面,1,795,wide,"[314, 321]","[800, 818]",2.294,4,4,2.9223824720829725
ROI-0001,1,百叶窗表面,2,1105,tight,"[198, 181]","[875, 800]",3.978,1,2,0.47218167409300804
ROI-0001,1,百叶窗表面,2,1105,wide,"[308, 321]","[800, 834]",2.338,4,6,0.46028305031359196
ROI-0001,1,百叶窗表面,3,1950,tight,"[242, 192]","[1008, 800]",3.75,1,1,0.5426097642630339
ROI-0001,1,百叶窗表面,3,1950,wide,"[348, 320]","[870, 800]",2.251,4,4,0.4811383318156004
ROI-0002,2,百叶窗表面,1,815,tight,"[178, 194]","[800, 872]",4.046,1,1,0.47270450182259083
ROI-0002,2,百叶窗表面,2,1880,tight,"[160, 160]","[800, 800]",4.501,1,1,0.41596522368490696
ROI-0002,2,百叶窗表面,3,1995,tight,"[163, 161]","[810, 800]",4.474,1,1,0.4407776966691017
ROI-0003,3,百叶窗表面,1,800,tight,"[164, 210]","[800, 1024]",4.391,3,3,0.5647516530007124
ROI-0003,3,百叶窗表面,2,1785,tight,"[160, 160]","[800, 800]",4.501,3,3,0.415954040363431
ROI-0003,3,百叶窗表面,3,1920,tight,"[179, 161]","[889, 800]",4.471,3,2,0.47154226899147034
ROI-0004,4,百叶窗表面,1,980,tight,"[177, 188]","[800, 850]",4.069,1,1,0.45495161786675453
ROI-0004,4,百叶窗表面,2,1930,tight,"[179, 177]","[809, 800]",4.069,1,1,0.4406158719211817
ROI-0004,4,百叶窗表面,3,800,tight,"[159, 262]","[800, 1318]",4.529,1,1,0.7392692659050226
ROI-0005,5,百叶窗表面,1,835,tight,"[150, 250]","[800, 1333]",4.801,2,2,0.7371772527694702
ROI-0005,5,百叶窗表面,2,1940,tight,"[160, 161]","[800, 805]",4.501,2,2,0.43950748257339
ROI-0005,5,百叶窗表面,3,1825,tight,"[161, 129]","[998, 800]",5.58,2,2,0.5407872702926397
ROI-0006,6,百叶窗表面,1,815,tight,"[201, 242]","[800, 963]",3.583,1,1,0.5337466467171907
ROI-0006,6,百叶窗表面,2,1895,tight,"[161, 132]","[976, 800]",5.457,2,2,0.5282756369560957
ROI-0006,6,百叶窗表面,3,1995,tight,"[161, 161]","[800, 800]",4.473,2,2,0.41717977821826935
ROI-0007,7,百叶窗表面,1,795,tight,"[160, 180]","[800, 900]",4.501,1,2,0.4969922751188278
ROI-0007,7,百叶窗表面,2,1080,tight,"[163, 161]","[810, 800]",4.474,1,2,0.43977754190564156
ROI-0007,7,百叶窗表面,3,1935,tight,"[223, 174]","[1025, 800]",4.138,1,1,0.5644168872386217
ROI-0008,8,百叶窗表面,1,820,tight,"[175, 224]","[800, 1024]",4.115,2,2,0.5446795653551817
ROI-0008,8,百叶窗表面,2,240,tight,"[188, 290]","[800, 1234]",3.831,2,2,0.6909134592860937
ROI-0008,8,百叶窗表面,3,1950,tight,"[160, 160]","[800, 800]",4.501,2,2,0.4169115349650383
ROI-0009,9,百叶窗表面,1,840,tight,"[241, 190]","[1015, 800]",3.791,4,4,0.5458645280450583
ROI-0009,9,百叶窗表面,2,1930,tight,"[183, 160]","[915, 800]",4.501,4,4,0.495083199813962
ROI-0009,9,百叶窗表面,3,1825,tight,"[160, 161]","[800, 805]",4.501,5,4,0.4396594911813736
ROI-0010,10,百叶窗表面,1,815,tight,"[204, 218]","[800, 855]",3.53,2,2,0.4559656120836735
ROI-0010,10,百叶窗表面,2,1950,tight,"[160, 161]","[800, 805]",4.501,2,2,0.47279663383960724
ROI-0010,10,百叶窗表面,3,1810,tight,"[161, 160]","[805, 800]",4.501,2,2,0.4404415339231491
ROI-0011,11,百叶窗表面,1,875,tight,"[209, 243]","[800, 930]",3.446,4,3,0.5115846935659647
ROI-0011,11,百叶窗表面,2,1955,tight,"[160, 138]","[928, 800]",5.221,3,3,0.5083725657314062
ROI-0011,11,百叶窗表面,3,1995,tight,"[160, 161]","[800, 805]",4.501,4,5,0.43908339366316795
ROI-0012,12,百叶窗表面,1,840,tight,"[191, 204]","[800, 854]",3.771,1,1,0.45674292743206024
ROI-0012,12,百叶窗表面,2,1935,tight,"[161, 160]","[805, 800]",4.501,2,2,0.44017517752945423
ROI-0012,12,百叶窗表面,3,1825,tight,"[160, 160]","[800, 800]",4.501,2,2,0.4169880338013172
ROI-0013,13,百叶窗表面,1,795,tight,"[165, 199]","[800, 965]",4.365,4,4,0.5338643845170736
ROI-0013,13,百叶窗表面,2,1105,tight,"[160, 161]","[800, 805]",4.501,4,4,0.4393864218145609
ROI-0013,13,百叶窗表面,3,1955,tight,"[220, 161]","[1093, 800]",4.472,4,4,0.6022438891232014
ROI-0014,14,百叶窗表面,1,835,tight,"[157, 220]","[800, 1121]",4.587,3,3,0.6201061103492975
ROI-0014,14,百叶窗表面,2,225,tight,"[171, 238]","[800, 1113]",4.212,3,3,0.6016232445836067
ROI-0014,14,百叶窗表面,3,1890,tight,"[161, 160]","[805, 800]",4.501,4,4,0.4415513724088669
ROI-0015,15,百叶窗表面,1,835,tight,"[137, 224]","[800, 1308]",5.257,2,2,0.7370894011110067
ROI-0015,15,百叶窗表面,2,240,tight,"[163, 239]","[800, 1173]",4.418,2,1,0.6479052565991879
ROI-0015,15,百叶窗表面,3,1890,tight,"[160, 160]","[800, 800]",4.501,2,2,0.41761999391019344
ROI-0016,16,百叶窗表面,1,805,tight,"[161, 183]","[800, 909]",4.473,1,2,0.4975174441933632
ROI-0016,16,百叶窗表面,2,1095,tight,"[156, 172]","[800, 882]",4.617,1,1,0.47426774725317955
ROI-0016,16,百叶窗表面,3,1980,tight,"[189, 175]","[864, 800]",4.115,1,1,0.4748233836144209
ROI-0017,17,百叶窗表面,1,1920,tight,"[188, 170]","[885, 800]",4.238,2,1,0.47311006113886833
ROI-0017,17,百叶窗表面,2,1040,tight,"[165, 169]","[800, 819]",4.365,1,1,0.44031887874007225
ROI-0017,17,百叶窗表面,3,795,tight,"[160, 171]","[800, 855]",4.501,1,1,0.45356745459139347
ROI-0018,18,百叶窗表面,1,1980,tight,"[175, 172]","[814, 800]",4.187,1,1,0.441860219463706
ROI-0018,18,百叶窗表面,2,1115,tight,"[161, 161]","[800, 800]",4.473,1,1,0.41675972007215023
ROI-0018,18,百叶窗表面,3,785,tight,"[127, 184]","[800, 1159]",5.671,1,1,0.6440408751368523
ROI-0019,19,百叶窗表面,1,245,tight,"[221, 175]","[1010, 800]",4.114,4,5,0.5451248213648796
ROI-0019,19,百叶窗表面,2,820,tight,"[208, 161]","[1034, 800]",4.475,4,5,0.5660050474107265
ROI-0019,19,百叶窗表面,3,1955,tight,"[160, 161]","[800, 805]",4.501,5,5,0.43979827500879765
ROI-0020,20,百叶窗表面,1,1630,tight,"[200, 191]","[838, 800]",3.772,4,4,0.4558926336467266
ROI-0020,20,百叶窗表面,2,1985,tight,"[209, 174]","[961, 800]",4.139,4,5,0.5306702293455601
ROI-0020,20,百叶窗表面,3,1130,tight,"[182, 161]","[904, 800]",4.471,4,4,0.49466258846223354
ROI-0023,23,地毯／地面交界,1,195,tight,"[243, 149]","[1305, 800]",4.835,3,4,0.7159111145883799
ROI-0023,23,地毯／地面交界,1,195,wide,"[441, 229]","[1333, 692]",2.721,4,4,0.6429824326187372
ROI-0023,23,地毯／地面交界,2,1730,tight,"[259, 161]","[1287, 800]",4.473,3,3,0.7153039295226336
ROI-0023,23,地毯／地面交界,2,1730,wide,"[441, 232]","[1333, 701]",2.721,3,3,0.6426483858376741
ROI-0023,23,地毯／地面交界,3,320,tight,"[252, 111]","[1333, 587]",4.762,4,4,0.5439637545496225
ROI-0023,23,地毯／地面交界,3,320,wide,"[440, 191]","[1333, 579]",2.727,4,4,0.5498256720602512
ROI-0035,35,花枝顶端,1,1545,tight,"[160, 160]","[800, 800]",4.501,7,6,0.4136490002274513
ROI-0035,35,花枝顶端,1,1545,wide,"[440, 320]","[1100, 800]",2.251,11,11,0.6171341296285391
ROI-0035,35,花枝顶端,2,1310,tight,"[160, 119]","[1076, 800]",6.054,5,8,0.5811141617596149
ROI-0035,35,花枝顶端,2,1310,wide,"[440, 199]","[1333, 603]",2.727,6,7,0.5517708826810122
ROI-0035,35,花枝顶端,3,1250,tight,"[160, 161]","[800, 805]",4.501,6,6,0.436555378139019
ROI-0035,35,花枝顶端,3,1250,wide,"[440, 242]","[1333, 733]",2.727,19,18,0.6868469752371311
ROI-0038,38,花枝侧面,1,1545,tight,"[160, 161]","[800, 805]",4.501,4,4,0.4359897430986166
ROI-0038,38,花枝侧面,1,1545,wide,"[440, 321]","[1097, 800]",2.244,12,14,0.6126330718398094
ROI-0038,38,花枝侧面,2,1330,tight,"[161, 144]","[894, 800]",4.999,3,5,0.4689963534474373
ROI-0038,38,花枝侧面,2,1330,wide,"[441, 224]","[1333, 677]",2.721,7,9,0.641491724178195
ROI-0038,38,花枝侧面,3,670,tight,"[160, 160]","[800, 800]",4.501,6,7,0.4148194119334221
ROI-0038,38,花枝侧面,3,670,wide,"[414, 243]","[1333, 782]",2.899,10,11,1.079329239204526
ROI-0048,48,窗下沿,1,1280,tight,"[150, 160]","[800, 853]",4.801,4,3,0.4805038534104824
ROI-0048,48,窗下沿,1,1280,wide,"[286, 320]","[800, 895]",2.518,6,6,0.47790709882974625
ROI-0048,48,窗下沿,2,1520,tight,"[160, 161]","[800, 805]",4.501,4,3,0.4437765758484602
ROI-0048,48,窗下沿,2,1520,wide,"[440, 321]","[1097, 800]",2.244,10,7,0.6186869721859694
ROI-0048,48,窗下沿,3,1345,tight,"[158, 161]","[800, 815]",4.558,3,3,0.437821701169014
ROI-0048,48,窗下沿,3,1345,wide,"[297, 321]","[800, 865]",2.425,7,6,0.4772768151015043
ROI-0049,49,窗下沿／椅背上方,1,1505,tight,"[161, 160]","[805, 800]",4.501,6,6,0.43868199177086353
ROI-0049,49,窗下沿／椅背上方,1,1505,wide,"[441, 320]","[1103, 800]",2.252,9,8,0.6117593012750149
ROI-0049,49,窗下沿／椅背上方,2,1270,tight,"[160, 161]","[800, 805]",4.501,5,4,0.436191925778985
ROI-0049,49,窗下沿／椅背上方,2,1270,wide,"[440, 321]","[1097, 800]",2.244,8,8,0.6117916461080313
ROI-0049,49,窗下沿／椅背上方,3,1305,tight,"[160, 161]","[800, 805]",4.501,5,5,0.4383704625070095
ROI-0049,49,窗下沿／椅背上方,3,1305,wide,"[440, 321]","[1097, 800]",2.244,8,8,0.614391915500164
ROI-0058,58,落地灯罩边缘,1,955,tight,"[160, 161]","[800, 805]",4.501,10,11,0.4373535420745611
ROI-0058,58,落地灯罩边缘,1,955,wide,"[440, 321]","[1097, 800]",2.244,20,20,0.6129345409572124
ROI-0058,58,落地灯罩边缘,2,800,tight,"[161, 161]","[800, 800]",4.473,11,9,0.4143881220370531
ROI-0058,58,落地灯罩边缘,2,800,wide,"[441, 321]","[1099, 800]",2.243,17,16,0.6129445675760508
ROI-0058,58,落地灯罩边缘,3,1180,tight,"[160, 160]","[800, 800]",4.501,10,12,0.415250388905406
ROI-0058,58,落地灯罩边缘,3,1180,wide,"[386, 320]","[965, 800]",2.251,18,16,0.543613513931632
ROI-0061,61,沙发靠背,1,1615,tight,"[192, 238]","[800, 992]",3.751,5,4,0.5327960699796677
ROI-0061,61,沙发靠背,1,1615,wide,"[308, 320]","[800, 831]",2.338,6,7,0.4609447307884693
ROI-0061,61,沙发靠背,2,215,tight,"[299, 225]","[1063, 800]",3.2,5,4,0.5869270358234644
ROI-0061,61,沙发靠背,2,215,wide,"[354, 321]","[882, 800]",2.243,6,7,0.48166388273239136
ROI-0061,61,沙发靠背,3,790,tight,"[210, 169]","[994, 800]",4.261,6,5,0.5407454390078783
ROI-0061,61,沙发靠背,3,790,wide,"[313, 268]","[934, 800]",2.686,7,7,0.5145590379834175
ROI-0063,63,花瓶顶部细枝,1,5,tight,"[160, 161]","[800, 805]",4.501,6,6,0.4395718667656183
ROI-0063,63,花瓶顶部细枝,1,5,wide,"[403, 321]","[1004, 800]",2.243,8,9,0.5541292056441307
ROI-0063,63,花瓶顶部细枝,2,1925,tight,"[161, 160]","[805, 800]",4.501,4,5,0.4381050821393728
ROI-0063,63,花瓶顶部细枝,2,1925,wide,"[357, 320]","[893, 800]",2.252,7,6,0.4806195739656687
ROI-0063,63,花瓶顶部细枝,3,430,tight,"[118, 161]","[800, 1092]",6.103,3,4,0.598419725894928
ROI-0063,63,花瓶顶部细枝,3,430,wide,"[258, 321]","[800, 995]",2.791,5,5,0.547728780657053
ROI-0067,67,柜脚／地面接触边,1,450,tight,"[224, 138]","[1299, 800]",5.221,2,3,0.7170048523694277
ROI-0067,67,柜脚／地面接触边,1,450,wide,"[388, 218]","[1333, 749]",3.093,8,7,0.7030539531260729
ROI-0067,67,柜脚／地面接触边,2,175,tight,"[161, 160]","[805, 800]",4.501,2,2,0.43781239353120327
ROI-0067,67,柜脚／地面接触边,2,175,wide,"[441, 320]","[1103, 800]",2.252,12,12,0.6128024253994226
ROI-0067,67,柜脚／地面接触边,3,1935,tight,"[186, 161]","[924, 800]",4.472,3,3,0.5080150198191404
ROI-0067,67,柜脚／地面接触边,3,1935,wide,"[302, 321]","[800, 850]",2.385,6,6,0.46262673288583755
ROI-0073,73,台灯罩开口,1,0,tight,"[160, 161]","[800, 805]",4.501,2,3,0.43693795427680016
ROI-0073,73,台灯罩开口,1,0,wide,"[440, 321]","[1097, 800]",2.244,11,12,0.6129239816218615
ROI-0073,73,台灯罩开口,2,10,tight,"[161, 161]","[800, 800]",4.473,2,3,0.4153065476566553
ROI-0073,73,台灯罩开口,2,10,wide,"[441, 321]","[1099, 800]",2.243,10,12,0.6129028555005789
ROI-0073,73,台灯罩开口,3,5,tight,"[161, 160]","[805, 800]",4.501,2,2,0.4377185069024563
ROI-0073,73,台灯罩开口,3,5,wide,"[441, 320]","[1103, 800]",2.252,11,12,0.6140605062246323
ROI-0074,74,桌面书本边缘,1,840,tight,"[161, 111]","[1160, 800]",6.486,7,7,0.6390989199280739
ROI-0074,74,桌面书本边缘,1,840,wide,"[441, 191]","[1333, 577]",2.721,15,14,0.5532309971749783
ROI-0074,74,桌面书本边缘,2,1565,tight,"[161, 158]","[815, 800]",4.557,6,6,0.43840629793703556
ROI-0074,74,桌面书本边缘,2,1565,wide,"[441, 238]","[1333, 719]",2.721,8,11,0.6840947009623051
ROI-0074,74,桌面书本边缘,3,1805,tight,"[161, 160]","[805, 800]",4.501,6,10,0.4395313002169132
ROI-0074,74,桌面书本边缘,3,1805,wide,"[425, 320]","[1063, 800]",2.252,14,14,0.5978914089500904
ROI-0226,226,顶灯／天花板边缘,1,1990,tight,"[258, 106]","[1333, 548]",4.651,3,3,0.5093465838581324
ROI-0226,226,顶灯／天花板边缘,1,1990,wide,"[440, 186]","[1333, 563]",2.727,8,8,0.517836133018136
ROI-0226,226,顶灯／天花板边缘,2,1995,tight,"[255, 134]","[1333, 700]",4.706,3,5,0.6352949775755405
ROI-0226,226,顶灯／天花板边缘,2,1995,wide,"[441, 214]","[1333, 647]",2.721,8,10,0.6140800211578608
ROI-0226,226,顶灯／天花板边缘,3,1985,tight,"[160, 93]","[1333, 775]",7.5,2,3,0.7251786645501852
ROI-0226,226,顶灯／天花板边缘,3,1985,wide,"[440, 173]","[1333, 524]",2.727,8,8,0.4932605028152466
ROI-0001,1,百叶窗表面,4,1780,witness,"[440, 174]","[1333, 527]",2.727,6,7,0.4874825496226549
ROI-0001,1,百叶窗表面,5,795,witness,"[336, 320]","[840, 800]",2.251,4,4,0.4632219038903713
ROI-0023,23,地毯／地面交界,4,1715,witness,"[440, 170]","[1333, 515]",2.727,2,2,0.4848549868911505
ROI-0023,23,地毯／地面交界,5,195,witness,"[440, 226]","[1333, 685]",2.727,4,4,0.6377618312835693
ROI-0035,35,花枝顶端,4,1545,witness,"[440, 320]","[1100, 800]",2.251,11,11,0.6134407166391611
ROI-0035,35,花枝顶端,5,1765,witness,"[440, 214]","[1333, 648]",2.727,27,29,0.6104697491973639
ROI-0038,38,花枝侧面,4,1545,witness,"[440, 320]","[1100, 800]",2.251,12,12,0.608497740700841
ROI-0038,38,花枝侧面,5,1670,witness,"[440, 320]","[1100, 800]",2.251,24,23,0.6129403207451105
ROI-0048,48,窗下沿,4,1255,witness,"[436, 320]","[1090, 800]",2.251,12,12,0.6327387448400259
ROI-0048,48,窗下沿,5,1275,witness,"[328, 320]","[820, 800]",2.251,6,6,0.4422008991241455
ROI-0049,49,窗下沿／椅背上方,4,1465,witness,"[440, 320]","[1100, 800]",2.251,8,8,0.6080640517175198
ROI-0049,49,窗下沿／椅背上方,5,1500,witness,"[440, 320]","[1100, 800]",2.251,8,8,0.6122628152370453
ROI-0058,58,落地灯罩边缘,4,1155,witness,"[440, 320]","[1100, 800]",2.251,16,15,0.6094617154449224
ROI-0058,58,落地灯罩边缘,5,955,witness,"[440, 320]","[1100, 800]",2.251,20,20,0.6100434847176075
ROI-0061,61,沙发靠背,4,260,witness,"[222, 230]","[800, 829]",3.244,5,6,0.43514993973076344
ROI-0061,61,沙发靠背,5,1615,witness,"[348, 320]","[870, 800]",2.251,7,7,0.4756832029670477
ROI-0063,63,花瓶顶部细枝,4,105,witness,"[440, 320]","[1100, 800]",2.251,8,8,0.6105402521789074
ROI-0063,63,花瓶顶部细枝,5,55,witness,"[440, 320]","[1100, 800]",2.251,10,9,0.6123005654662848
ROI-0067,67,柜脚／地面接触边,4,450,witness,"[366, 216]","[1333, 787]",3.279,8,8,0.7325158249586821
ROI-0067,67,柜脚／地面接触边,5,410,witness,"[440, 280]","[1257, 800]",2.572,8,9,0.7406720779836178
ROI-0074,74,桌面书本边缘,4,905,witness,"[440, 164]","[1333, 497]",2.727,13,12,0.451237378641963
ROI-0074,74,桌面书本边缘,5,830,witness,"[440, 230]","[1333, 697]",2.727,18,16,0.6551577001810074
ROI-0226,226,顶灯／天花板边缘,4,1995,witness,"[440, 202]","[1333, 612]",2.727,8,9,0.612353079020977
ROI-0226,226,顶灯／天花板边缘,5,1990,witness,"[440, 174]","[1333, 527]",2.727,8,6,0.4972058981657028
