ROI,位置,U,CONFLICT,T,冲突组合,代表点票数,周围实例,已确认事实,诊断_推断
ROI-0001,百叶窗表面,0,1602,0,57/179（1602点）,代表红点：ID179 62票 / ID57 38票 / 其他 0票；合计100票，首名占比62.0%,邻域已分配点：ID179 89点；ID57 最近已分配面距核心 30.6cm。,1602 个红点全部是 ID57 / ID179 竞争；两者的主体均为百叶窗。,两组历史帧对同一窗面给出不同身份，疑似跨视角重复身份；不能因此合并两者的全部地图。
ROI-0023,地毯／地面交界,1,738,0,13/15（738点）,代表红点：ID13 17票 / ID15 15票 / 其他 0票；合计32票，首名占比53.1%,邻域已分配点：ID13 781点、ID15 441点；两者都覆盖 GT 地毯 8000。,738 个红点全部是 ID13 / ID15；ID13 同时包含大量地面和地毯点，ID15 主要为地毯。,局部地毯归属不一致；不像两个正确且独立物体的正常边界。
ROI-0035,花枝顶端,1,17,2,181/206（12点）；206/490（2点）；181/182（1点）；其余组合2点,代表红点：ID181 46票 / ID206 22票 / 其他 24票；合计92票，首名占比50.0%,邻域已分配花枝：ID181 8点；椅子 ID206 最近已分配面距核心 1.54m。,17 个红点中，12点主要是花枝 ID181 / 椅子 ID206；另有 206/490、181/182 等组合。,历史椅子 mask 给花枝点投票，符合细前景漏分、背景吸收的表现；具体成因仍是推断。
ROI-0038,花枝侧面,20,19,0,181/206（12点）；13/181（3点）；181/209（2点）；其余组合2点,代表红点：ID181 93票 / ID206 25票 / 其他 69票；合计187票，首名占比49.7%,邻域已分配花枝：ID181 13点；椅子 ID206 最近已分配面距核心 1.64m。,19 个红点中，12点主要是 ID181 / ID206；另有地面 ID13、坐垫 ID209 参与。,不仅是局部边界竞争；同一细枝在不同视角被多个背景实例吸收。
ROI-0048,窗下沿,0,337,0,2/186（302点）；179/186（35点）,代表红点：ID186 11票 / ID2 10票 / 其他 0票；合计21票，首名占比52.4%,邻域：墙 ID2 683点、百叶窗 ID179 548点、墙边 ID186 225点。,337 个红点：302点 ID2 / ID186，35点 ID179 / ID186。ID2、ID186 均主要覆盖墙面。,墙的身份分裂和百叶窗边界混淆同时出现，不能用单一边界规则处理。
ROI-0049,窗下沿／椅背上方,11,310,22,2/186（248点）；2/182（41点）；182/186（15点）；其余组合6点,代表红点：ID186 3票 / ID2 2票 / 其他 1票；合计6票，首名占比50.0%,邻域：ID179 546点、ID186 391点、ID2 229点；椅子 ID182 仅2点。,310 个红点主要为 ID2 / ID186（248点），其次 ID2 / ID182（41点）、ID182 / ID186（15点）。,以墙身份竞争为主，叠加椅背遮挡边缘；22个黄点均只得到一票。
ROI-0058,落地灯罩边缘,58,7,0,179/224（3点）；57/179（2点）；57/224（2点）,代表红点：ID179 2票 / ID224 2票 / 其他 0票；合计4票，首名占比50.0%,邻域灯 ID224 5点；百叶窗 ID57、179 最近已分配面距核心 22.8、62.3cm。,U 58点、红点7点；红点含 ID179 / ID224、ID57 / ID179、ID57 / ID224。,灯罩边缘少数点被背景窗 mask 吸收；大部分灰点首先需要补证据。
ROI-0061,沙发靠背,485,266,30,79/216（266点）,代表红点：ID216 13票 / ID79 10票 / 其他 0票；合计23票，首名占比56.5%,邻域 ID216 1288点、ID79 10点；ID79 全图仅330点，是较小实例片段。,266 个红点全部是 ID79 / ID216；两者主要对应同一个 GT 沙发 6001。,更适合检查跨帧实例关联，而不是把红带当成两个物体的分界。
ROI-0063,花瓶顶部细枝,124,4,2,2/4（4点）,代表红点：ID4 4票 / ID2 3票 / 其他 0票；合计7票，首名占比57.1%,邻域花瓶 ID4 19点；墙 ID2 最近已分配面距核心 15.1cm。,U 124点、黄点2点、红点4点；红点全部为墙 ID2 / 花瓶 ID4。,细枝观测稀少，少量点落入背景墙 mask；仅凭灰点无法决定归属。
ROI-0067,柜脚／地面接触边,29,483,41,7/13（483点）,代表红点：ID7 9票 / ID13 7票 / 其他 0票；合计16票，首名占比56.2%,邻域柜子 ID7 1194点、地面 ID13 705点；两者均紧贴核心。,483 个红点全部为柜子 ID7 / 地面 ID13；另有 U 29点、黄点41点。,典型接触边界冲突，优先检查 mask 边界和深度投影；不能直接认定几何错误。
ROI-0073,台灯罩开口,86,0,4,,无红点：不涉及双实例票数比较。,邻域已分配灯 ID6 20点；没有双实例竞争对象。,没有红点；86个灰点没有投票，4个黄点都只得到灯 ID6 的一票。,应按证据补充问题处理，不能启动双实例冲突分割。
ROI-0074,桌面书本边缘,4,6,0,172/187（3点）；172/185（2点）；172/236（1点）,代表红点：ID172 42票 / ID187 7票 / 其他 23票；合计72票，首名占比58.3%,桌 ID172、书 ID187 参与竞争；邻域 ID185 10点，其 GT 语义没有可靠支持。,6个红点：ID172 / ID187 3点、ID172 / ID185 2点、ID172 / ID236 1点。,桌面 mask 吸收小物体边缘；多方票数分散，不能只比较前两名后强制填充。
ROI-0226,顶灯／天花板边缘,64,3,255,33/792（3点）,代表红点：ID33 1票 / ID792 1票 / 其他 0票；合计2票，首名占比50.0%,邻域灯 ID792 655点、天花板 ID33 428点；代表红点双方各1票。,255个黄点均只有一票：灯 ID792 178点、天花板 ID33 77点；仅3个红点竞争。,主要需要更多独立视角证据；3个红点的 1:1 票数不足以证明稳定结构冲突。
