scope,semantic,condition,stage,F1,PQ,AP,AP50,mCov,macro_best_GT_recall,correct_owner_vertices,wrong_owner_vertices,unassigned_with_geometry_target_vertices,no_geometry_target_vertices,target_vertices,Correct_owner_Coverage,Wrong_owner_Coverage,Unassigned_Coverage,No_geometry_Coverage,TP,FP,FN,merge_predictions,split_GT,duplicate_coordinate_conflict_target_vertices,U,T,C,three_state_total
room0,original,baseline,native,0.671875,0.5342048743280633,0.22349717114568596,0.45615275813295625,0.5350527309522097,0.8116877410606858,230717,74387,31857,4760,341721,0.6751619010830473,0.21768343180547875,0.09322517492340242,0.013929492188071555,43,13,29,18,17,1,86821,16308,62433,165562
room0,original,baseline,final,0.671875,0.5442824880747146,0.23778288543140028,0.45615275813295625,0.5445266200841794,0.8261171704394302,233303,74749,28909,4760,341721,0.6827294781415248,0.2187427755391094,0.08459825413129424,0.013929492188071555,43,13,29,18,17,0,75821,10081,59477,145379
room0,strict,baseline,native,0.671875,0.53458992267721,0.22537128712871285,0.45615275813295625,0.5354960795867227,0.8141811747786648,230830,74637,31494,4760,341721,0.6754925802043187,0.218415022781743,0.09216290482586671,0.013929492188071555,43,13,29,18,17,1,86856,16453,61328,164637
room0,strict,baseline,final,0.671875,0.5445764624297625,0.23719943422913717,0.45615275813295625,0.5448768124873489,0.8291225620220758,233391,74989,28581,4760,341721,0.6829869981651698,0.21944510287632307,0.08363840677043553,0.013929492188071555,43,13,29,18,18,0,75842,10174,58491,144507
room0,original,seed_only,native,0.671875,0.5341065490191907,0.22349717114568596,0.45615275813295625,0.5350159054409989,0.8121092751998881,230671,74600,31690,4760,341721,0.6750272883434146,0.21830674731725588,0.0927364721512579,0.013929492188071555,43,13,29,18,17,1,86831,16324,62315,165470
room0,strict,seed_only,native,0.671875,0.5344910100317571,0.22537128712871285,0.45615275813295625,0.5354673333372626,0.8145600465725382,230786,74837,31338,4760,341721,0.6753638201924962,0.2190002955627544,0.09170639205667781,0.013929492188071555,43,13,29,18,17,1,86866,16470,61232,164568
room0,original,seed_only,final,0.671875,0.5442035577979278,0.23778288543140028,0.45615275813295625,0.5445106272991916,0.8266132350305797,233267,74971,28723,4760,341721,0.6826241290409427,0.21939242832603206,0.08405395044495363,0.013929492188071555,43,13,29,18,17,0,75830,10090,59243,145163
room0,strict,seed_only,final,0.671875,0.5444968847593648,0.23719943422913717,0.45615275813295625,0.5448699307177738,0.8295848738281095,233357,75198,28406,4760,341721,0.6828875017923979,0.22005671293248,0.08312629308705055,0.013929492188071555,43,13,29,18,18,0,75851,10184,58282,144317
room0,original,full_track,native,0.6911764705882353,0.5530884598838006,0.2457766089108911,0.47988861386138615,0.5625697106072481,0.7948370300111559,238000,66922,32039,4760,341721,0.6964746094035777,0.19583812525422786,0.09375777315412281,0.013929492188071555,47,17,25,17,18,1,87228,16457,63662,167347
room0,strict,full_track,native,0.6911764705882353,0.5540361433539206,0.24676670792079208,0.47988861386138615,0.5636984835144145,0.7979907270869747,238191,67193,31577,4760,341721,0.6970335449094437,0.19663116987249832,0.09240579302998646,0.013929492188071555,47,17,25,17,18,1,87290,16612,62258,166160
room0,original,full_track,final,0.6911764705882353,0.5628824158322354,0.2559560643564357,0.47988861386138615,0.5721999831685558,0.8086904453697072,240655,67304,29002,4760,341721,0.7042441055715042,0.19695599626595967,0.08487040597446455,0.013929492188071555,47,17,25,17,18,0,76077,10200,60573,146850
room0,strict,full_track,final,0.6911764705882353,0.5637547583534501,0.25702351485148517,0.47988861386138615,0.5731801902354144,0.8122056736977801,240823,67556,28582,4760,341721,0.7047357347075538,0.19769343997003402,0.08364133313434059,0.013929492188071555,47,17,25,17,20,0,76118,10298,59337,145753
room2,original,baseline,native,0.6458333333333334,0.47259599976521594,0.1605085508550855,0.41854185418541856,0.5142908058326994,0.7765920038857419,93298,58673,22283,5175,179429,0.5199716879657135,0.3269984227744679,0.12418839763917762,0.028841491620641032,31,13,21,13,16,2,86693,26241,58814,171748
room2,original,baseline,final,0.6666666666666666,0.4983603192508009,0.17821782178217824,0.4464446444644465,0.5288845173775263,0.7938109502834106,95346,59035,19873,5175,179429,0.5313856734418628,0.3290159338791388,0.11075690105835735,0.028841491620641032,32,12,20,13,16,0,77887,17552,54977,150416
room2,strict,baseline,native,0.6458333333333334,0.4733807838725721,0.1605085508550855,0.41854185418541856,0.5151707823625572,0.778396716938804,93570,58862,21822,5175,179429,0.5214876079117645,0.32805176420756954,0.12161913626002485,0.028841491620641032,31,13,21,13,16,2,86776,26502,57434,170712
room2,strict,baseline,final,0.6666666666666666,0.4994009249340923,0.18022052205220523,0.4464446444644465,0.530014041994632,0.795902686375346,95579,59234,19441,5175,179429,0.5326842372191786,0.33012500766319824,0.1083492634969821,0.028841491620641032,32,12,20,13,17,0,77936,17780,53705,149421
room2,original,seed_only,native,0.6458333333333334,0.472898339109364,0.16242124212421238,0.41854185418541856,0.5145641285500262,0.7763603979636057,93223,58444,22587,5175,179429,0.5195536953335302,0.3257221519375352,0.12588266110829352,0.028841491620641032,31,13,21,13,16,2,86692,26245,59410,172347
room2,strict,seed_only,native,0.6458333333333334,0.47366478187637806,0.16242124212421238,0.41854185418541856,0.5154273045374012,0.7781702470415658,93506,58630,22118,5175,179429,0.5211309208656348,0.3267587736653495,0.12326881384837457,0.028841491620641032,31,13,21,13,16,2,86775,26507,58011,171293
room2,original,seed_only,final,0.6666666666666666,0.49859073527791625,0.18022052205220523,0.4464446444644465,0.5290899956840629,0.7936065737690347,95303,58826,20125,5175,179429,0.5311460243327444,0.3278511277441216,0.11216135630249291,0.028841491620641032,32,12,20,13,16,0,77886,17557,55479,150922
room2,strict,seed_only,final,0.6666666666666666,0.49961742471189546,0.18022052205220523,0.4464446444644465,0.5302037570861124,0.7957045540263299,95543,59021,19690,5175,179429,0.5324836007557306,0.328937908587798,0.10973699903583033,0.028841491620641032,32,12,20,13,17,0,77935,17787,54190,149912
room2,original,full_track,native,0.6788990825688074,0.5087483717434432,0.19101962827861735,0.4627410109431995,0.584431295238812,0.7429712766184736,107996,29725,36533,5175,179429,0.6018870974034297,0.16566441322194295,0.20360699775398625,0.028841491620641032,37,20,15,11,16,2,86846,26337,93241,206424
room2,strict,full_track,native,0.6788990825688074,0.5109695009834957,0.19296508598228243,0.4627410109431995,0.5868744949521235,0.7469984646489483,108389,30013,35852,5175,179429,0.6040773787960697,0.16726950492952644,0.19981162465376276,0.028841491620641032,37,20,15,12,17,2,86964,26707,91141,204812
room2,original,full_track,final,0.6972477064220184,0.5318393926495361,0.21231544207052283,0.4884488448844885,0.5992189506659014,0.7600461480740096,110184,30187,33883,5175,179429,0.6140813357929877,0.16823924783619149,0.18883792475017974,0.028841491620641032,38,19,14,11,16,0,77994,17644,88713,184351
room2,strict,full_track,final,0.6972477064220184,0.5339935808933224,0.21587632447455274,0.4884488448844885,0.6016022629557034,0.7640203036878582,110571,30474,33209,5175,179429,0.6162381777750531,0.1698387663086792,0.1850815642956267,0.028841491620641032,38,19,14,12,18,0,78076,17969,86713,182758
pooled_room0_room2,original,baseline,native,0.6607142857142857,0.5078010709439859,0.1933960396039604,0.43960396039603966,0.526346117192415,0.7969701738582899,324015,133060,54140,9935,521150,0.6217307876810899,0.2553199654609997,0.10388563753238031,0.019063609325530077,74,26,50,31,33,3,173514,42549,121247,337310
pooled_room0_room2,original,baseline,final,0.6696428571428571,0.5246015585787516,0.20926732673267323,0.452970297029703,0.5379670286265507,0.8125694006965835,328649,133784,48782,9935,521150,0.6306226614218555,0.25670920080591003,0.0936045284467044,0.019063609325530077,75,25,49,31,33,0,153708,27633,114454,295795
pooled_room0_room2,strict,baseline,native,0.6607142857142857,0.5083574346180795,0.19413861386138614,0.43960396039603966,0.5269725678475565,0.7991747892329167,324400,133499,53316,9935,521150,0.6224695385205795,0.2561623333013528,0.10230451885253766,0.019063609325530077,74,26,50,31,33,3,173632,42955,118762,335349
pooled_room0_room2,strict,baseline,final,0.6696428571428571,0.525215517788761,0.20999999999999996,0.452970297029703,0.5386440377645967,0.8151916464282859,328970,134223,48022,9935,521150,0.6312386069269884,0.25755156864626305,0.09214621510121845,0.019063609325530077,75,25,49,31,35,0,153778,27954,112196,293928
pooled_room0_room2,original,seed_only,native,0.6607142857142857,0.5078744590578365,0.1943960396039604,0.43960396039603966,0.5264393538415588,0.7971178105524148,323894,133044,54277,9935,521150,0.6214986088458218,0.25528926412741054,0.10414851770123765,0.019063609325530077,74,26,50,31,33,3,173523,42569,121725,337817
pooled_room0_room2,strict,seed_only,native,0.6607142857142857,0.5084226265365946,0.19513861386138615,0.43960396039603966,0.5270634502921594,0.7992998080595498,324292,133467,53456,9935,521150,0.6222623045188526,0.25610093063417444,0.10257315552144296,0.019063609325530077,74,26,50,31,33,3,173641,42977,119243,335861
pooled_room0_room2,original,seed_only,final,0.6696428571428571,0.5246552052893514,0.21029702970297026,0.452970297029703,0.538043910815428,0.8127717319208996,328570,133797,48848,9935,521150,0.630471073587259,0.25673414563945124,0.09373117144775976,0.019063609325530077,75,25,49,31,33,0,153716,27647,114722,296085
pooled_room0_room2,strict,seed_only,final,0.6696428571428571,0.5252628304533065,0.20999999999999996,0.452970297029703,0.5387195998399803,0.8153769977822019,328900,134219,48096,9935,521150,0.6311042885925358,0.25754389331286576,0.0922882087690684,0.019063609325530077,75,25,49,31,35,0,153786,27971,112472,294229
pooled_room0_room2,original,full_track,native,0.6857142857142857,0.5333616451601314,0.2175353899026266,0.4673921937648311,0.5717374719043555,0.7730868753626118,345996,96647,68572,9935,521150,0.6639086635325722,0.18544948671207906,0.13157824042981867,0.019063609325530077,84,37,40,28,34,3,174074,42794,156903,373771
pooled_room0_room2,strict,full_track,native,0.6857142857142857,0.5348758820544254,0.21918009982816464,0.4673921937648311,0.5734174560528087,0.7766068750968346,346580,97206,67429,9935,521150,0.6650292622085772,0.18652211455435094,0.12938501391154178,0.019063609325530077,84,37,40,29,35,3,174254,43319,153399,370972
pooled_room0_room2,original,full_track,final,0.6938775510204082,0.549071438171361,0.23408886343179774,0.479911627526389,0.5835305179255071,0.7882912239231243,350839,97491,62885,9935,521150,0.6732015734433464,0.18706898205890818,0.1206658351722153,0.019063609325530077,85,36,39,28,34,0,154071,27844,149286,331201
pooled_room0_room2,strict,full_track,final,0.6938775510204082,0.5505140712385362,0.23601178299648148,0.479911627526389,0.5850991239568261,0.7919989056291031,351394,98030,61791,9935,521150,0.674266525952221,0.18810323323419362,0.11856663148805527,0.019063609325530077,85,36,39,29,38,0,154194,28267,146050,328511
