scene,condition,F1,PQ,AP,macro_best_GT_recall,U,T,C,final_gray,correct_owner_vertices,wrong_owner_vertices
room0,strict_baseline_final,0.671875,0.5445764624297625,0.23719943422913717,0.8291225620220758,75842,10174,58491,144507,233391,74989
room0,strict_full_track_final,0.6911764705882353,0.5637547583534501,0.25702351485148517,0.8122056736977801,76118,10298,59337,145753,240823,67556
room0,history_core_final,0.7058823529411765,0.5763649434106266,0.27258663366336633,0.8207463052961297,76118,10298,35494,121910,250660,70216
room2,strict_baseline_final,0.6666666666666666,0.4994009249340923,0.18022052205220523,0.795902686375346,77936,17780,53705,149421,95579,59234
room2,strict_full_track_final,0.6972477064220184,0.5339935808933224,0.21587632447455274,0.7640203036878582,78076,17969,86713,182758,110571,30474
room2,history_core_final,0.7155963302752294,0.5479863093829191,0.22829598749348623,0.7636526167870854,78076,17967,61880,157923,116726,35274
pooled,strict_baseline_final,0.6696428571428571,0.525215517788761,0.20999999999999996,0.8151916464282859,153778,27954,112196,293928,328970,134223
pooled,strict_full_track_final,0.6938775510204082,0.5505140712385362,0.23601178299648148,0.7919989056291031,154194,28267,146050,328511,351394,98030
pooled,history_core_final,0.710204081632653,0.5637393470472791,0.24881760903363065,0.7968037907600789,154194,28265,97374,279833,367386,105490
